{"app":["/app-d13094c893ed62ad3ff2.js"],"component---node-modules-gatsby-plugin-offline-app-shell-js":["/component---node-modules-gatsby-plugin-offline-app-shell-js-ceef87afc058962c4db9.js"],"component---src-pages-404-js":["/component---src-pages-404-js-9a579fe53c197e97cd5c.js"],"component---src-pages-about-js":["/component---src-pages-about-js-3d006f88fa54fa30157c.js"],"component---src-pages-case-js":["/component---src-pages-case-js-e83e98fff28e119daaa9.js"],"component---src-pages-contact-js":["/component---src-pages-contact-js-06f273940cd0b2734218.js"],"component---src-pages-index-js":["/component---src-pages-index-js-557132c91c56be1e0d97.js"],"component---src-pages-products-js":["/component---src-pages-products-js-bea0223e1085e19c9b37.js"],"component---src-pages-services-js":["/component---src-pages-services-js-a1194bcc9c4be83bbb97.js"]}