{"errors":[],"warnings":[],"namedChunkGroups":{"app":{"chunks":[11,10,0,1],"assets":["webpack-runtime-5be01d53728f139eec79.js","webpack-runtime-5be01d53728f139eec79.js.map","styles.b7c042b594c8eb054786.css","styles-c29c7e631bd2a391fbad.js","styles-c29c7e631bd2a391fbad.js.map","commons-1732c6c21e7291da00de.js","commons-1732c6c21e7291da00de.js.map","app-d13094c893ed62ad3ff2.js","app-d13094c893ed62ad3ff2.js.map"],"children":{},"childAssets":{}},"component---node-modules-gatsby-plugin-offline-app-shell-js":{"chunks":[2],"assets":["component---node-modules-gatsby-plugin-offline-app-shell-js-ceef87afc058962c4db9.js","component---node-modules-gatsby-plugin-offline-app-shell-js-ceef87afc058962c4db9.js.map"],"children":{},"childAssets":{}},"component---src-pages-404-js":{"chunks":[0,3],"assets":["commons-1732c6c21e7291da00de.js","commons-1732c6c21e7291da00de.js.map","component---src-pages-404-js-9a579fe53c197e97cd5c.js","component---src-pages-404-js-9a579fe53c197e97cd5c.js.map"],"children":{},"childAssets":{}},"component---src-pages-about-js":{"chunks":[0,4],"assets":["commons-1732c6c21e7291da00de.js","commons-1732c6c21e7291da00de.js.map","component---src-pages-about-js-3d006f88fa54fa30157c.js","component---src-pages-about-js-3d006f88fa54fa30157c.js.map"],"children":{},"childAssets":{}},"component---src-pages-case-js":{"chunks":[0,5],"assets":["commons-1732c6c21e7291da00de.js","commons-1732c6c21e7291da00de.js.map","component---src-pages-case-js-e83e98fff28e119daaa9.js","component---src-pages-case-js-e83e98fff28e119daaa9.js.map"],"children":{},"childAssets":{}},"component---src-pages-contact-js":{"chunks":[0,6],"assets":["commons-1732c6c21e7291da00de.js","commons-1732c6c21e7291da00de.js.map","component---src-pages-contact-js-06f273940cd0b2734218.js","component---src-pages-contact-js-06f273940cd0b2734218.js.map"],"children":{},"childAssets":{}},"component---src-pages-index-js":{"chunks":[0,7],"assets":["commons-1732c6c21e7291da00de.js","commons-1732c6c21e7291da00de.js.map","component---src-pages-index-js-557132c91c56be1e0d97.js","component---src-pages-index-js-557132c91c56be1e0d97.js.map"],"children":{},"childAssets":{}},"component---src-pages-products-js":{"chunks":[0,8],"assets":["commons-1732c6c21e7291da00de.js","commons-1732c6c21e7291da00de.js.map","component---src-pages-products-js-bea0223e1085e19c9b37.js","component---src-pages-products-js-bea0223e1085e19c9b37.js.map"],"children":{},"childAssets":{}},"component---src-pages-services-js":{"chunks":[0,9],"assets":["commons-1732c6c21e7291da00de.js","commons-1732c6c21e7291da00de.js.map","component---src-pages-services-js-a1194bcc9c4be83bbb97.js","component---src-pages-services-js-a1194bcc9c4be83bbb97.js.map"],"children":{},"childAssets":{}}},"assetsByChunkName":{"app":["webpack-runtime-5be01d53728f139eec79.js","styles.b7c042b594c8eb054786.css","styles-c29c7e631bd2a391fbad.js","commons-1732c6c21e7291da00de.js","app-d13094c893ed62ad3ff2.js"],"component---node-modules-gatsby-plugin-offline-app-shell-js":["component---node-modules-gatsby-plugin-offline-app-shell-js-ceef87afc058962c4db9.js"],"component---src-pages-404-js":["commons-1732c6c21e7291da00de.js","component---src-pages-404-js-9a579fe53c197e97cd5c.js"],"component---src-pages-about-js":["commons-1732c6c21e7291da00de.js","component---src-pages-about-js-3d006f88fa54fa30157c.js"],"component---src-pages-case-js":["commons-1732c6c21e7291da00de.js","component---src-pages-case-js-e83e98fff28e119daaa9.js"],"component---src-pages-contact-js":["commons-1732c6c21e7291da00de.js","component---src-pages-contact-js-06f273940cd0b2734218.js"],"component---src-pages-index-js":["commons-1732c6c21e7291da00de.js","component---src-pages-index-js-557132c91c56be1e0d97.js"],"component---src-pages-products-js":["commons-1732c6c21e7291da00de.js","component---src-pages-products-js-bea0223e1085e19c9b37.js"],"component---src-pages-services-js":["commons-1732c6c21e7291da00de.js","component---src-pages-services-js-a1194bcc9c4be83bbb97.js"]}}